project,commit_hash,patch_generated,detected_cwe,patch_applied,patch_location,patch_lines,patched_repo_path,patched_file_path,error_message,generated_patch,ground_truth
tcpdump,5d340a5ca6e420a70297cdbdf777333f18bfdab7,True,CWE-119,True,print-cfm.c,218-253,C:\Users\miran\Downloads\RAG_for_vul_repair\data\patched_repos_10_samples\tcpdump5d340a5ca6e420a70297cdbdf777333f18bfdab7_patched_20250709_160902,C:\Users\miran\Downloads\RAG_for_vul_repair\data\patched_repos_10_samples\tcpdump5d340a5ca6e420a70297cdbdf777333f18bfdab7_patched_20250709_160902\print-cfm.c,,"static int
cfm_network_addr_print(netdissect_options *ndo,
                       register const u_char *tptr)
{
    u_int network_addr_type;
    u_int hexdump = FALSE;

    if (tptr == NULL) {
        return hexdump;
    }

    ND_TCHECK(*tptr);
    network_addr_type = *tptr;

    ND_PRINT((ndo, ""\n\t  Network Address Type %s (%u)"",
           tok2str(af_values, ""Unknown"", network_addr_type),
           network_addr_type));

    switch(network_addr_type) {
    case AFNUM_INET:
        ND_TCHECK2(*(tptr + 1), sizeof(struct in_addr));
        ND_PRINT((ndo, "", %s"", ipaddr_string(ndo, tptr + 1)));
        break;

    case AFNUM_INET6:
        ND_TCHECK2(*(tptr + 1), sizeof(struct in6_addr));
        ND_PRINT((ndo, "", %s"", ip6addr_string(ndo, tptr + 1)));
        break;

    default:
        hexdump = TRUE;
        break;
    }

    return hexdump;
}"," cfm_network_addr_print(netdissect_options *ndo,
                       register const u_char *tptr, const u_int length)
 {
     u_int network_addr_type;
     u_int hexdump =  FALSE;

    /*
     * Altough AFIs are tpically 2 octects wide,
      * 802.1ab specifies that this field width
      * is only once octet
      */
    if (length < 1) {
        ND_PRINT((ndo, ""\n\t  Network Address Type (invalid, no data""));
        return hexdump;
    }
    /* The calling function must make any due ND_TCHECK calls. */
     network_addr_type = *tptr;
     ND_PRINT((ndo, ""\n\t  Network Address Type %s (%u)"",
            tok2str(af_values, ""Unknown"", network_addr_type),
           network_addr_type));

    /*
     * Resolve the passed in Address.
      */
     switch(network_addr_type) {
     case AFNUM_INET:
        if (length != 1 + 4) {
            ND_PRINT((ndo, ""(invalid IPv4 address length %u)"", length - 1));
            hexdump = TRUE;
            break;
        }
         ND_PRINT((ndo, "", %s"", ipaddr_string(ndo, tptr + 1)));
         break;
 
     case AFNUM_INET6:
        if (length != 1 + 16) {
            ND_PRINT((ndo, ""(invalid IPv6 address length %u)"", length - 1));
            hexdump = TRUE;
            break;
        }
         ND_PRINT((ndo, "", %s"", ip6addr_string(ndo, tptr + 1)));
         break;
 
    default:
        hexdump = TRUE;
        break;
    }

    return hexdump;
}
"
tcpdump,1dcd10aceabbc03bf571ea32b892c522cbe923de,True,CWE-119,True,print-isoclns.c,672-728,C:\Users\miran\Downloads\RAG_for_vul_repair\data\patched_repos_10_samples\tcpdump1dcd10aceabbc03bf571ea32b892c522cbe923de_patched_20250709_160939,C:\Users\miran\Downloads\RAG_for_vul_repair\data\patched_repos_10_samples\tcpdump1dcd10aceabbc03bf571ea32b892c522cbe923de_patched_20250709_160939\print-isoclns.c,,"void
isoclns_print(netdissect_options *ndo,
              const uint8_t *p, u_int length, u_int caplen)
{
    if (caplen < 1) { 
        ND_PRINT((ndo, ""|OSI""));
        return;
    }

    if (ndo->ndo_eflag)
        ND_PRINT((ndo, ""OSI NLPID %s (0x%02x): "", tok2str(nlpid_values, ""Unknown"", *p), *p));

    if (length < 1) {
        ND_PRINT((ndo, ""truncated""));
        return;
    }

    switch (*p) {
    case NLPID_CLNP:
        if (!clnp_print(ndo, p, length))
            print_unknown_data(ndo, p, ""\n\t"", caplen);
        break;

    case NLPID_ESIS:
        esis_print(ndo, p, length);
        return;

    case NLPID_ISIS:
        if (!isis_print(ndo, p, length))
            print_unknown_data(ndo, p, ""\n\t"", caplen);
        break;

    case NLPID_NULLNS:
        ND_PRINT((ndo, ""%slength: %u"", ndo->ndo_eflag ? """" : "", "", length));
        break;

    case NLPID_Q933:
        if (length > 1)
            q933_print(ndo, p + 1, length - 1);
        break;

    case NLPID_IP:
        if (length > 1)
            ip_print(ndo, p + 1, length - 1);
        break;

    case NLPID_IP6:
        if (length > 1)
            ip6_print(ndo, p + 1, length - 1);
        break;

    case NLPID_PPP:
        if (length > 1)
            ppp_print(ndo, p + 1, length - 1);
        break;

    default:
        if (!ndo->ndo_eflag)
            ND_PRINT((ndo, ""OSI NLPID 0x%02x unknown"", *p));
        ND_PRINT((ndo, ""%slength: %u"", ndo->ndo_eflag ? """" : "", "", length));
        if (caplen > 1)
            print_unknown_data(ndo, p, ""\n\t"", caplen);
        break;
    }
}","isoclns_print(netdissect_options *ndo,
isoclns_print(netdissect_options *ndo, const uint8_t *p, u_int length)
 {
	if (!ND_TTEST(*p)) { /* enough bytes on the wire ? */
 		ND_PRINT((ndo, ""|OSI""));
 		return;
 	}

	if (ndo->ndo_eflag)
		ND_PRINT((ndo, ""OSI NLPID %s (0x%02x): "", tok2str(nlpid_values, ""Unknown"", *p), *p));

	switch (*p) {
 
 	case NLPID_CLNP:
 		if (!clnp_print(ndo, p, length))
			print_unknown_data(ndo, p, ""\n\t"", length);
 		break;
 
 	case NLPID_ESIS:
		esis_print(ndo, p, length);
		return;
 
 	case NLPID_ISIS:
 		if (!isis_print(ndo, p, length))
			print_unknown_data(ndo, p, ""\n\t"", length);
 		break;
 
 	case NLPID_NULLNS:
		ND_PRINT((ndo, ""%slength: %u"", ndo->ndo_eflag ? """" : "", "", length));
		break;

	case NLPID_Q933:
		q933_print(ndo, p + 1, length - 1);
		break;

	case NLPID_IP:
		ip_print(ndo, p + 1, length - 1);
		break;

	case NLPID_IP6:
		ip6_print(ndo, p + 1, length - 1);
		break;

	case NLPID_PPP:
		ppp_print(ndo, p + 1, length - 1);
		break;

	default:
 		if (!ndo->ndo_eflag)
 			ND_PRINT((ndo, ""OSI NLPID 0x%02x unknown"", *p));
 		ND_PRINT((ndo, ""%slength: %u"", ndo->ndo_eflag ? """" : "", "", length));
		if (length > 1)
			print_unknown_data(ndo, p, ""\n\t"", length);
 		break;
 	}
 }
"
libbsd,c8f0723d2b4520bdd6b9eb7c3e7976de726d7ff7,True,CWE-776,False,N/A,N/A,N/A,N/A,Failed to find function location in repository,"size_t fgetwln(FILE *stream, size_t *lenp)
{
	struct filewbuf *fb;
	wint_t wc;
	size_t wused = 0;
	size_t new_len;

	fb = &fb_pool[fb_pool_cur];
	if (fb->fp != stream && fb->fp != NULL) {
		fb_pool_cur++;
		fb_pool_cur %= FILEWBUF_POOL_ITEMS;
		fb = &fb_pool[fb_pool_cur];
	}
	fb->fp = stream;

	while ((wc = fgetwc(stream)) != WEOF) {
		if (!fb->len || wused >= fb->len) {
			wchar_t *wp;

			if (fb->len) {
				if (fb->len > SIZE_MAX / 2) {
					// Prevent overflow
					break;
				}
				new_len = fb->len * 2;
			} else {
				new_len = FILEWBUF_INIT_LEN;
			}

			wp = reallocarray(fb->wbuf, new_len, sizeof(wchar_t));
			if (wp == NULL) {
				wused = 0;
				break;
			}
			fb->wbuf = wp;
			fb->len = new_len;
		}

		fb->wbuf[wused++] = wc;

		if (wc == L'\n')
			break;
	}

	*lenp = wused;
	return wused ? fb->wbuf : NULL;
}","fgetwln(FILE *stream, size_t *lenp)
{
	struct filewbuf *fb;
	wint_t wc;
	size_t wused = 0;

	/* Try to diminish the possibility of several fgetwln() calls being
	 * used on different streams, by using a pool of buffers per file. */
	fb = &fb_pool[fb_pool_cur];
	if (fb->fp != stream && fb->fp != NULL) {
		fb_pool_cur++;
		fb_pool_cur %= FILEWBUF_POOL_ITEMS;
		fb = &fb_pool[fb_pool_cur];
	}
 	fb->fp = stream;
 
 	while ((wc = fgetwc(stream)) != WEOF) {
		if (!fb->len || wused >= fb->len) {
 			wchar_t *wp;
 
 			if (fb->len)
				fb->len *= 2;
			else
				fb->len = FILEWBUF_INIT_LEN;

			wp = reallocarray(fb->wbuf, fb->len, sizeof(wchar_t));
			if (wp == NULL) {
				wused = 0;
				break;
			}
			fb->wbuf = wp;
		}

		fb->wbuf[wused++] = wc;

		if (wc == L'\n')
			break;
	}

	*lenp = wused;
	return wused ? fb->wbuf : NULL;
}
"
mruby,778500563a9f7ceba996937dc886bd8cde29b42b,True,CWE-119,True,mrbgems\mruby-fiber\src\fiber.c,182-229,C:\Users\miran\Downloads\RAG_for_vul_repair\data\patched_repos_10_samples\mruby778500563a9f7ceba996937dc886bd8cde29b42b_patched_20250709_161038,C:\Users\miran\Downloads\RAG_for_vul_repair\data\patched_repos_10_samples\mruby778500563a9f7ceba996937dc886bd8cde29b42b_patched_20250709_161038\mrbgems\mruby-fiber\src\fiber.c,,"static mrb_value
fiber_switch(mrb_state *mrb, mrb_value self, mrb_int len, const mrb_value *a, mrb_bool resume, mrb_bool vmexec)
{
    struct mrb_context *c = fiber_check(mrb, self);
    struct mrb_context *old_c = mrb->c;
    mrb_value value;

    fiber_check_cfunc(mrb, c);
    if (resume && c->status == MRB_FIBER_TRANSFERRED) {
        mrb_raise(mrb, E_FIBER_ERROR, ""resuming transferred fiber"");
    }
    if (c->status == MRB_FIBER_RUNNING || c->status == MRB_FIBER_RESUMED) {
        mrb_raise(mrb, E_FIBER_ERROR, ""double resume (fib)"");
    }
    if (c->status == MRB_FIBER_TERMINATED) {
        mrb_raise(mrb, E_FIBER_ERROR, ""resuming dead fiber"");
    }
    mrb->c->status = resume ? MRB_FIBER_RESUMED : MRB_FIBER_TRANSFERRED;
    c->prev = resume ? mrb->c : (c->prev ? c->prev : mrb->root_c);
    if (c->status == MRB_FIBER_CREATED) {
        mrb_value *b, *e;

        if (len < 0 || len >= c->stend - c->stack) {
            mrb_raise(mrb, E_FIBER_ERROR, ""too many arguments to fiber"");
        }
        b = c->stack + 1;
        e = b + len;
        while (b < e) {
            *b++ = *a++;
        }
        c->cibase->argc = (int)len;
        value = c->stack[0] = MRB_PROC_ENV(c->ci->proc)->stack[0];
    } else {
        value = fiber_result(mrb, a, len);
    }
    fiber_switch_context(mrb, c);

    if (vmexec) {
        c->vmexec = TRUE;
        value = mrb_vm_exec(mrb, c->ci[-1].proc, c->ci->pc);
        mrb->c = old_c;
    } else {
        MARK_CONTEXT_MODIFY(c);
    }
    return value;
}","fiber_switch(mrb_state *mrb, mrb_value self, mrb_int len, const mrb_value *a, mrb_bool resume, mrb_bool vmexec)
 {
   struct mrb_context *c = fiber_check(mrb, self);
   struct mrb_context *old_c = mrb->c;
  enum mrb_fiber_state status;
   mrb_value value;
 
   fiber_check_cfunc(mrb, c);
  status = c->status;
  if (resume && status == MRB_FIBER_TRANSFERRED) {
     mrb_raise(mrb, E_FIBER_ERROR, ""resuming transferred fiber"");
   }
  if (status == MRB_FIBER_RUNNING || status == MRB_FIBER_RESUMED) {
     mrb_raise(mrb, E_FIBER_ERROR, ""double resume (fib)"");
   }
  if (status == MRB_FIBER_TERMINATED) {
     mrb_raise(mrb, E_FIBER_ERROR, ""resuming dead fiber"");
   }
  old_c->status = resume ? MRB_FIBER_RESUMED : MRB_FIBER_TRANSFERRED;
   c->prev = resume ? mrb->c : (c->prev ? c->prev : mrb->root_c);
  fiber_switch_context(mrb, c);
  if (status == MRB_FIBER_CREATED) {
     mrb_value *b, *e;
 
    mrb_stack_extend(mrb, len+2); /* for receiver and (optional) block */
     b = c->stack+1;
     e = b + len;
     while (b<e) {
      *b++ = *a++;
    }
    c->cibase->argc = (int)len;
    value = c->stack[0] = MRB_PROC_ENV(c->ci->proc)->stack[0];
  }
   else {
     value = fiber_result(mrb, a, len);
   }
 
   if (vmexec) {
     c->vmexec = TRUE;
    value = mrb_vm_exec(mrb, c->ci[-1].proc, c->ci->pc);
    mrb->c = old_c;
  }
  else {
    MARK_CONTEXT_MODIFY(c);
  }
  return value;
}
"
yara,3119b232c9c453c98d8fa8b6ae4e37ba18117cd4,True,CWE-119,True,libyara\re_lexer.c,2177-2185,C:\Users\miran\Downloads\RAG_for_vul_repair\data\patched_repos_10_samples\yara3119b232c9c453c98d8fa8b6ae4e37ba18117cd4_patched_20250709_161051,C:\Users\miran\Downloads\RAG_for_vul_repair\data\patched_repos_10_samples\yara3119b232c9c453c98d8fa8b6ae4e37ba18117cd4_patched_20250709_161051\libyara\re_lexer.c,,"int re_yyget_lineno(yyscan_t yyscanner) {
    if (yyscanner == NULL) {
        return -1; // Return an error code for invalid scanner
    }
    
    struct yyguts_t *yyg = (struct yyguts_t *)yyscanner;

    if (!YY_CURRENT_BUFFER) {
        return 0; // No current buffer, return 0
    }

    // Assuming yylineno is thread-safe or properly synchronized
    return yylineno;
}"," int re_yyget_lineno  (yyscan_t yyscanner)
 {
     struct yyguts_t * yyg = (struct yyguts_t*)yyscanner;

         if (! YY_CURRENT_BUFFER)
             return 0;
     
    return yylineno;
}
"
lxcfs,a8b6c3e0537e90fba3c55910fd1b7229d54a60a7,True,CWE-20,True,lxcfs.c,1605-1651,C:\Users\miran\Downloads\RAG_for_vul_repair\data\patched_repos_10_samples\lxcfsa8b6c3e0537e90fba3c55910fd1b7229d54a60a7_patched_20250709_161106,C:\Users\miran\Downloads\RAG_for_vul_repair\data\patched_repos_10_samples\lxcfsa8b6c3e0537e90fba3c55910fd1b7229d54a60a7_patched_20250709_161106\lxcfs.c,,"static int cg_rmdir(const char *path)
{
	struct fuse_context *fc = fuse_get_context();
	char *fpath = NULL, *cgdir = NULL, *controller;
	const char *cgroup;
	int ret;

	if (!fc)
		return -EIO;

	if (path == NULL || strlen(path) == 0 || strstr(path, "".."") != NULL) {
		return -EINVAL;
	}

	controller = pick_controller_from_path(fc, path);
	if (!controller)
		return -EINVAL;

	cgroup = find_cgroup_in_path(path);
	if (!cgroup)
		return -EINVAL;

	get_cgdir_and_path(cgroup, &cgdir, &fpath);
	if (!fpath) {
		ret = -EINVAL;
		goto out;
	}

	fprintf(stderr, ""rmdir: verifying access to %s:%s (req path %s)\n"",
			controller, cgdir, path);
	if (!fc_may_access(fc, controller, cgdir, NULL, O_WRONLY)) {
		ret = -EACCES;
		goto out;
	}
	if (!caller_is_in_ancestor(fc->pid, controller, cgroup, NULL)) {
		ret = -EACCES;
		goto out;
	}

	if (!cgfs_remove(controller, cgroup)) {
		ret = -EINVAL;
		goto out;
	}

	ret = 0;

out:
	free(cgdir);
	return ret;
}"," static int cg_rmdir(const char *path)
 {
 	struct fuse_context *fc = fuse_get_context();
	char *fpath = NULL, *cgdir = NULL, *controller, *next = NULL;
 	const char *cgroup;
 	int ret;
 
	if (!fc)
		return -EIO;

	controller = pick_controller_from_path(fc, path);
	if (!controller)
		return -EINVAL;

	cgroup = find_cgroup_in_path(path);
	if (!cgroup)
		return -EINVAL;

	get_cgdir_and_path(cgroup, &cgdir, &fpath);
	if (!fpath) {
		ret = -EINVAL;
 		goto out;
 	}
 
	if (!caller_is_in_ancestor(fc->pid, controller, cgroup, &next)) {
		if (!fpath || strcmp(next, fpath) == 0)
			ret = -EBUSY;
		else
			ret = -ENOENT;
		goto out;
	}

 	if (!fc_may_access(fc, controller, cgdir, NULL, O_WRONLY)) {
 		ret = -EACCES;
 		goto out;
	}
	if (!caller_is_in_ancestor(fc->pid, controller, cgroup, NULL)) {
		ret = -EACCES;
		goto out;
	}

	if (!cgfs_remove(controller, cgroup)) {
		ret = -EINVAL;
		goto out;
	}

	ret = 0;
 
 out:
 	free(cgdir);
	free(next);
 	return ret;
 }
"
tcpreplay,6b830a1640ca20528032c89a4fdd8291a4d2d8b2,True,CWE-119,True,src\common\utils.c,150-171,C:\Users\miran\Downloads\RAG_for_vul_repair\data\patched_repos_10_samples\tcpreplay6b830a1640ca20528032c89a4fdd8291a4d2d8b2_patched_20250709_161130,C:\Users\miran\Downloads\RAG_for_vul_repair\data\patched_repos_10_samples\tcpreplay6b830a1640ca20528032c89a4fdd8291a4d2d8b2_patched_20250709_161130\src\common\utils.c,,"int _our_safe_pcap_next_ex(pcap_t *pcap, struct pcap_pkthdr **pkthdr,
        const u_char **pktdata, const char *funcname,
        const int line, const char *file)
{
    int res = pcap_next_ex(pcap, pkthdr, pktdata);

    if (res <= 0) {
        fprintf(stderr, ""safe_pcap_next_ex ERROR: pcap_next_ex failed in %s:%s() line %d\n"",
                file, funcname, line);
        return res;
    }

    if (pkthdr == NULL || *pkthdr == NULL || pktdata == NULL || *pktdata == NULL) {
        fprintf(stderr, ""safe_pcap_next_ex ERROR: NULL pointer dereference in %s:%s() line %d\n"",
                file, funcname, line);
        return -1;
    }

    if ((*pkthdr)->len > MAXPACKET) {
        fprintf(stderr, ""safe_pcap_next_ex ERROR: Invalid packet length in %s:%s() line %d: %u is greater than maximum %u\n"",
                file, funcname, line, (*pkthdr)->len, MAXPACKET);
        return -1;
    }

    if ((*pkthdr)->len < (*pkthdr)->caplen) {
        fprintf(stderr, ""safe_pcap_next_ex ERROR: Invalid packet length in %s:%s() line %d: packet length %u is less than capture length %u\n"",
                 file, funcname, line, (*pkthdr)->len, (*pkthdr)->caplen);
        return -1;
    }

    return res;
}","int _our_safe_pcap_next_ex(pcap_t *pcap, struct pcap_pkthdr **pkthdr,
        const u_char **pktdata, const char *funcname,
        const int line, const char *file)
{
    int res = pcap_next_ex(pcap, pkthdr, pktdata);

    if (*pktdata && *pkthdr) {
        if ((*pkthdr)->len > MAXPACKET) {
            fprintf(stderr, ""safe_pcap_next_ex ERROR: Invalid packet length in %s:%s() line %d: %u is greater than maximum %u\n"",
                    file, funcname, line, (*pkthdr)->len, MAXPACKET);
             exit(-1);
         }
 
        if (!(*pkthdr)->len || (*pkthdr)->len < (*pkthdr)->caplen) {
            fprintf(stderr, ""safe_pcap_next_ex ERROR: Invalid packet length in %s:%s() line %d: packet length=%u capture length=%u\n"",
                     file, funcname, line, (*pkthdr)->len, (*pkthdr)->caplen);
             exit(-1);
         }
    }

    return res;
}
"
iperf,91f2fa59e8ed80dfbf400add0164ee0e508e412a,True,CWE-476,True,src\cjson.c,793-805,C:\Users\miran\Downloads\RAG_for_vul_repair\data\patched_repos_10_samples\iperf91f2fa59e8ed80dfbf400add0164ee0e508e412a_patched_20250709_161139,C:\Users\miran\Downloads\RAG_for_vul_repair\data\patched_repos_10_samples\iperf91f2fa59e8ed80dfbf400add0164ee0e508e412a_patched_20250709_161139\src\cjson.c,,"void cJSON_AddItemToArray( cJSON *array, cJSON *item )
{
	if ( array == NULL || item == NULL )
		return;
	cJSON *c = array->child;
	if ( ! c ) {
		array->child = item;
	} else {
		while ( c->next )
			c = c->next;
		suffix_object( c, item );
	}
}","void cJSON_AddItemToArray( cJSON *array, cJSON *item )
"
iperf,91f2fa59e8ed80dfbf400add0164ee0e508e412a,True,CWE-119,False,N/A,N/A,N/A,N/A,Failed to find function location in repository,"cJSON *cJSON_CreateFloat(double num) 
{
    if (num < INT_MIN || num > INT_MAX) {
        return NULL; // Out of range for int
    }
    
    cJSON *item = cJSON_New_Item();
    if (!item) {
        return NULL; // Error handling for item creation failure
    }
    
    item->type = cJSON_Number;
    item->valuefloat = num;
    item->valueint = (int)num; // Explicitly cast to int
    return item;
}","cJSON *cJSON_CreateFloat( double num )
"
tcpdump,8dca25d26c7ca2caf6138267f6f17111212c156e,True,CWE-119,False,N/A,N/A,N/A,N/A,Failed to find function location in repository,"static const u_char *
ikev2_gen_print(netdissect_options *ndo, u_char tpay, const struct isakmp_gen *ext)
{
    struct isakmp_gen e;
    u_int16_t len;

    if (ext == NULL || (const u_char *)ext + sizeof(*ext) > ndo->ndo_snapend)
        return NULL;

    ND_TCHECK(*ext);
    len = ntohs(ext->len);
    if (len < sizeof(e) || (const u_char *)ext + len > ndo->ndo_snapend)
        return NULL;

    UNALIGNED_MEMCPY(&e, ext, sizeof(e));
    ikev2_pay_print(ndo, NPSTR(tpay), e.critical);

    ND_PRINT((ndo, "" len=%d"", len - 4));
    if (2 < ndo->ndo_vflag && len > 4) {
        ND_PRINT((ndo, "" ""));
        if (!rawprint(ndo, (const uint8_t *)(ext + 1), len - 4))
            goto trunc;
    }
    return (const u_char *)ext + len;

trunc:
    ND_PRINT((ndo, "" [|%s]"", NPSTR(tpay)));
    return NULL;
}","ikev2_gen_print(netdissect_options *ndo, u_char tpay,
		const struct isakmp_gen *ext)
{
	struct isakmp_gen e;

	ND_TCHECK(*ext);
	UNALIGNED_MEMCPY(&e, ext, sizeof(e));
	ikev2_pay_print(ndo, NPSTR(tpay), e.critical);
 
 	ND_PRINT((ndo,"" len=%d"", ntohs(e.len) - 4));
 	if (2 < ndo->ndo_vflag && 4 < ntohs(e.len)) {
		/* Print the entire payload in hex */
 		ND_PRINT((ndo,"" ""));
 		if (!rawprint(ndo, (const uint8_t *)(ext + 1), ntohs(e.len) - 4))
 			goto trunc;
	}
	return (const u_char *)ext + ntohs(e.len);
trunc:
	ND_PRINT((ndo,"" [|%s]"", NPSTR(tpay)));
	return NULL;
}
"
